,last_step,answer,is_correct
0,"Therefore, P(B | A) = P(first lamp on) * 1 + P(first lamp off) * (2/5) = (1/2)*1 + (1/2)*(2/5) = 1/2 + 1/5 = 7/10.",\dfrac{7}{20},False
1,"So m/n = 119/12, so m + n = 119 + 12 = 131.",131,True
2,"**Final Answer**
The real numbers $ a $ are all those less than $ \frac{3}{4} $, so the solution is $\boxed{\left( -\infty, \dfrac{3}{4} \right)}$.","\left( -\infty, \frac{3}{4} \right)",True
3,Number of plots: 78*(3²)=78*9=702.,702,True
4,"Since x and y can approach 10 and 2 respectively, the maximum |x - y| approaches 10 - 2 = 8.",8,True
5,"Okay, so I need to compute this binary arithmetic problem: 1011₂ + 101₂ - 1100₂ + 1101₂.",10001_2,False
6,The number of divisors of 2n is (a+1 + 1)(b + 1)(...,35,False
7,"Let me compute this:

For t=1: C(4,0)^3 = 1^3 = 1

t=2: C(4,1)^3 = 4^3 = 64

t=3: C(4,2)^3 = 6^3 = 216

t=4: C(4,3)^3 = 4^3 = 64

t=5: C(4,4)^3 = 1^3 = 1

Therefore, total N_total = 1 + 64 + 216 + 64 + 1 = 346.",346,True
8,"Therefore, the minimal |S_{2006}| is 3 * |T_{2006}| = 3 * 9 = 27.",27,True
9,"Since x ∈ [0,1), then -x ∈ (-1, 0].","(-1,0]",True
10,"Let me take A(0, 0), B(b, 0), D(a, d), so then C is at (a + b, d).",16,False
11,"Therefore, the equation is x + 5y = 5.",11,False
12,"**Final Answer**
The value of the infinite product is \boxed{\sqrt[4]{8}}.",\sqrt[4]{8},True
13,"So the shaded region is the quadrilateral with vertices at Y(0,0), A(2.5,2), midpoint of AB which is (5,2), and C(5,0).",3,False
14,"**Final Answer**
\boxed{(27, \infty)}","(27,\infty)",True
15,"△ = 1 < 6, yes.",100,False
16,"**Final Answer**
The ordered pair is \boxed{(6, 235^\circ)}.","(6,235^\circ)",True
17,"**Final Answer**
The fraction is \boxed{\dfrac{6}{11}}.",\frac{6}{11},True
18,"Set to zero: 4t - 2/t^3 = 0 => 4t = 2/t^3 => 4t^4 = 2 => t^4 = 1/2 => t = (1/2)^{1/4}

Therefore, minimum value is 2*( (1/2)^{1/2} ) + 1/( (1/2)^{1/2} ) = 2*(1/√2) + √2 = √2 + √2 = 2√2 ≈ 2.828, which is less than 3.",2 \sqrt{2},True
19,10901: (1+9+1) - (0 + 0) = 11 - 0 = 11.,10901,True
20,"Therefore, total area is 5π²/72 + 5π²/72 + π²/36 = (5 + 5 + 2)π²/72 = 12π²/72 = π²/6.",\frac{\pi^2}{6},True
21,"For example, like \boxed{2}, \boxed{-\frac{1}{4}}?","2,-\frac{1}{4}",True
22,"1 is 15/15, so 15 + 32 is 47, so 47/15.",\frac{52}{47},False
23,Let me check that.,4,False
24,"No, it's the opposite.",\frac{11}{25},False
25,"**Final Answer**
The equivalent point in standard spherical coordinates is \boxed{\left( 3, \frac{9\pi}{7}, \frac{2\pi}{5} \right)}.","\left( 3, \frac{9 \pi}{7}, \frac{2 \pi}{5} \right)",True
26,"Therefore, the house number digits must also add up to 25.",9871,False
27,Let's check 9/16=0.5625.,7,False
28,"Therefore:

$$\cot(4°) - \cot(8°) = \frac{\sin(4°)}{\sin(4°)\sin(8°)} = \frac{1}{\sin(8°)} = \csc(8°)$$

Wait, but according to this, cot(4°) - cot(8°) equals csc(8°).",82,False
29,"Therefore, if we remove 1 slice from the 10 cm side, 4 slices from the 13 cm side, and 5 slices from the 14 cm side, then the remaining block would be 9x9x9, with volume 729 cm³.",729,True
30,"First term: x1*y2 - x2*y1

x1 = - (1 + √2), y2 = 1

x2 = √2 - 1, y1 = 1

So term1 = [ - (1 + √2) * 1 ] - [ (√2 - 1) * 1 ] = -1 - √2 - √2 + 1 = (-1 + 1) + (-√2 - √2) = 0 - 2√2 = -2√2

Second term: x2*y3 - x3*y2

x2 = √2 - 1, y3 = -1

x3 = 1 + √2, y2 = 1

term2 = (√2 - 1)*(-1) - (1 + √2)*(1) = -√2 + 1 - 1 - √2 = (-√2 - √2) + (1 - 1) = -2√2 + 0 = -2√2

Third term: x3*y4 - x4*y3

x3 = 1 + √2, y4 = -1

x4 = 1 - √2, y3 = -1

term3 = (1 + √2)*(-1) - (1 - √2)*(-1) = -1 - √2 + (1 - √2) = (-1 + 1) + (-√2 - √2) = 0 - 2√2 = -2√2

Fourth term: x4*y5 - x5*y4

x4 = 1 - √2, y5 = 1

x5 = - (1 + √2), y4 = -1

term4 = (1 - √2)*1 - [ - (1 + √2) * (-1) ] = (1 - √2) - [ (1 + √2) * 1 ] = 1 - √2 - 1 - √2 = (1 - 1) + (-√2 - √2) = 0 - 2√2 = -2√2

Therefore, total S = term1 + term2 + term3 + term4 = (-2√2) + (-2√2) + (-2√2) + (-2√2) = -8√2

Therefore, area is |1/2 * (-8√2)| = | -4√2 | = 4√2.",4\sqrt{2},True
31,"Therefore, m = c^a = 2^2 = 4, n = c^b = 2^3 = 8.",12,False
32,"Case 2: Starting with A->D:

- A->D->C->B (6)

- A->D->C->F->B (7)

- A->D->E->B (8)

- A->D->F->B (9)

- A->D->F->C->B (10)

Yes, 5 paths.",10,True
33,"Therefore:

S = -1004 - 1 - 1/2007  
= -1005 - 1/2007.",1005,True
34,"Okay, so I need to find the number of functions $ f: A \to A $ where $ A = \{1, 2, 3, 4, 5, 6, 7\} $ such that $ f(f(x)) $ is a constant function.",399,False
35,Let me check if the equation has real roots.,-6,False
36,"Let me compute that step by step:

Start with 1 + 121 = 122.",122,True
37,"Similarly, b(n) is the number of valid sequences of length n that end with a B.",172,False
38,"**Final Answer**
The sum of the lengths of the two legs is \boxed{\sqrt{6} + 3\sqrt{2}} centimeters.",\sqrt{6} + 3\sqrt{2},True
39,"Okay, so I need to figure out the acute angle between the hour and minute hands at 6:48.",84,False
40,"**Final Answer**
\boxed{\dfrac{1}{4}}",\frac{1}{4},True
41,"Since we start with f and end with g, with 8 of each, there are 8 pairs of f followed by g.",4,False
42,"Okay, so I need to find the measure of angle A in parallelogram ABCD.",120,False
43,b=6. Sixth powers.,21,False
44,"First, I remember that when dealing with problems involving divisibility, modular arithmetic can be really helpful.",23,False
45,"Therefore, the minimal value of ||c - a||² is 9/4, so the minimal ||c - a|| is 3/2.",\frac{3}{2},True
46,"**Final Answer**
The possible values of $\sin C$ are \boxed{\dfrac{3}{5}} and \boxed{\dfrac{117}{125}}.","\frac{3}{5}, \frac{117}{125}",True
47,"Crossing c5 (1/4): number of zeros is 2 (even), sign remains +.",12,False
48,"",None,None
49,But we also need to make sure that the sides satisfy the triangle inequality.,7,False
50,"Therefore, a can be from 1 to 8.",8,True
51,"Therefore:

1.8C + 32.5 < 1001 => 1.8C < 1001 - 32.5 = 968.5 => C < 968.5 / 1.8 ≈ 538.055...",539,False
52,"**Final Answer**
\boxed{\dfrac{1 + \sqrt{5}}{2}}",\frac{1 + \sqrt{5}}{2},True
53,"When they say ""smallest,"" I think that means the number should be as small as possible, so we want the leftmost digits to be as small as possible.",11189,False
54,"Therefore, for each number composed of digits from {2, 3, 5, 7}, we need to check if the sum of its digits is divisible by 3.",28,False
55,"Similarly, the reversed number BA would be 10*B + A.",3,False
56,"First, $ (x + y)^2 $ is $ 14^2 $, which is 196.",158,False
57,"Therefore, the maximum value is 19/540.",\frac{19}{540},True
58,"From the above:

Row 1: 5

Row 2: 6

Row 3: 15

Row 4: 16

Row 5: 25

Row 6: 26

Row 7: 35

Row 8: 36

Row 9: 45

Row 10: 46

Wait, let me check that.",255,False
59,"If two roots are the same, then there are only two distinct points, which cannot form a parallelogram.",3,False
60,"But if this pattern continues, then for n=7, T_7 would be 3 * 2^6 = 3*64=192.",192,True
61,"Therefore, the entire expression is:

$20 \times \frac{\sqrt{2}}{2} e^{i 19\pi/44} = 10\sqrt{2} e^{i 19\pi/44}$.","\left( 10 \sqrt{2}, \frac{19 \pi}{44} \right)",False
62,"So, let me check for k=4, the maximum N is 624, which is less than 1000.",412,False
63,"Okay, so I need to figure out how many integers between 100 and 150 have three different digits in increasing order.",18,False
64,"Therefore:

(26√3)² = (13√3)² + (radius)²

Let me compute that:

Left side: (26√3)^2 = 26² * 3 = 676 * 3 = 2028

Right side: (13√3)^2 + r² = 169 * 3 + r² = 507 + r²

Therefore:

2028 = 507 + r² => r² = 2028 - 507 = 1521 => r = sqrt(1521) = 39.",78 \pi,False
65,"Therefore, cos(angle BAD) = √[(1 + cos(angle BAC))/2] = √[(1 - 19/36)/2] = √[(17/36)/2] = √(17/72) = √17 / (6√2) = √34 / 12.",\frac{\sqrt{34}}{12},True
66,"Therefore, putting it all together:

Total Area = 2 * [I₁ + I₂ - I₃] = 2 * [(25/4)π + 25 - (25/4)π] = 2 * [25] = 50.",50,True
67,"**Final Answer**
\boxed{\sqrt{2} + \sqrt{6}}",\sqrt{2} + \sqrt{6},True
68,"",None,None
69,"**Final Answer**
\boxed{\dfrac{5}{16}}",\frac{5}{16},True
70,"**Final Answer**
The intersection point is \boxed{\left( -\dfrac{2}{3}, -\dfrac{7}{3}, \dfrac{14}{9} \right)}.","\left( -\frac{2}{3}, -\frac{7}{3}, \frac{14}{9} \right)",True
71,The product (1 + cos x)(1 - cos 2x) is equal to 1/64.,\frac{1}{64},True
72,"Therefore, m=12, n=218, so m + n = 230.",230,True
73,"Since h is positive, we take the positive root:

h = [70 + 172]/22 = 242 / 22 = 11.",110,False
74,"Therefore, total(5,5) = 28 + 28 + 27 = 83.",83,True
75,"First, let me find the range of $n$ for which $\langle n \rangle = k$.",3,False
76,"Therefore, the Frobenius number remains 20k + 11.",71,False
77,"Earlier, we had 66 total pairs of points, 6 of which are lines through the origin.",72,False
78,"We know that s² = 200, and earlier we found that se = 36.",41,False
79,"Alternatively, using decimal, but fractions are better here.","\left( \frac{3}{4}, 1 \right) \cup (1, \infty)",False
80,"Then, adding the square of the third value, which is 6² = 36, so total sum would be 36 + 7 = 43.",43,True
81,"",None,None
82,"Therefore:

x + 180° + y + 74° = 360°  
x + y + 254° = 360°  
x + y = 106°

Earlier, we had x - y = 56°

So now we have two equations:

1) x + y = 106°  
2) x - y = 56°

We can solve this system.",81,False
83,"**Final Answer**
\boxed{B}",8,True
84,"However, let me check.",\frac{2}{3},False
85,The formula I derived earlier was for creating an offset curve outward.,39,False
86,Therefore total perimeter would be 28 - 2 = 26?,26,True
87,Maybe.,-49,False
88,"Therefore, m is 11111110111101111 (same digits as n).",0,True
89,"**Final Answer**
\boxed{\sqrt{6}}",\sqrt{6},True
90,"So if the angle is obtuse, tan(theta) would be negative.",-\frac{7}{12},False
91,"Then the problem states: ""...and divide the resulting difference by two."" The ""resulting difference"" is the result from the previous step, which is $ -2b + 4 $.",-b+2,False
92,"Therefore, the minimal $ a $ in this case is $ 2\pi \times 5 - 29 \approx 31.4159 - 29 = 2.4159 $.",10 \pi - 29,False
93,"So compute the dot product of DB and DC:

(-4)(5) + (12)(0) = -20 + 0 = -20

Compute |DB|: sqrt((-4)^2 + 12^2) = sqrt(16 + 144) = sqrt(160) = 4*sqrt(10)

Compute |DC|: sqrt(5^2 + 0^2) = 5

Therefore, cos(theta) = (-20)/(4*sqrt(10)*5) = (-20)/(20*sqrt(10)) = -1/sqrt(10)

But cosine is negative?",-\frac{\sqrt{10}}{10},False
94,Therefore the ratio is 14 / 16 = 7/8.,\frac{7}{8},True
95,= 4*6=24.,48,False
96,"Okay, so I need to figure out the value of this product: ½ × 4/1 × 1/8 × 16/1 × … × 1/512 × 1024/1.",32,False
97,"Let me compute this:

Area = (sqrt(3)/4)*(884 - 440√3) = (884 sqrt(3) - 440 * 3)/4 = (884 sqrt(3) - 1320)/4 = 221 sqrt(3) - 330.",221 \sqrt{3} - 330,True
98,The formula is that angle BPC = 180 - (β/3 + γ/3) = 180 - (β + γ)/3 = 180 - 141/3 = 180 - 47 = 133 degrees.,133,True
99,"Wait no, f(256)=86, so f(1024)=2 + 4*(86 - 1)= 2 + 4*85= 2 + 340= 342?",342,True
100,"**Final Answer**
\boxed{\dfrac{3}{4}}",\frac{3}{4},True
101,"Okay, so I need to find the product of 10101 base 2 and 101 base 2, and then express the answer in base 2.",1101001_2,False
102,"Let me recall that in triangle ABC, coordinates are A(a, b), B(0, 0), C(c, 0), with c = a + k.",21,False
103,"Therefore, 3 * 2^3 = 24.",24,True
104,"So if I pair $ 1^\circ $ with $ 44^\circ $, $ 2^\circ $ with $ 43^\circ $, etc., up to $ 22^\circ $ with $ 23^\circ $, and then there's the middle term at $ 45^\circ $.",23,True
105,"But wait, is this point inside angle BAC?",5\sqrt{13},False
106,"Therefore, multiplying by 8 (since each term was multiplied by 8 earlier), the total maximum real part is 8*(2 + 2√3) = 16 + 16√3.",16 + 16 \sqrt{3},True
107,"**Final Answer**
The reflection matrix $\mathbf{R}$ is $\boxed{\begin{pmatrix} \frac{1}{3} & -\frac{2}{3} & \frac{2}{3} \\ -\frac{2}{3} & \frac{1}{3} & \frac{2}{3} \\ \frac{2}{3} & \frac{2}{3} & \frac{1}{3} \end{pmatrix}}$.",\begin{pmatrix} \frac{1}{3} & -\frac{2}{3} & \frac{2}{3} \\ -\frac{2}{3} & \frac{1}{3} & \frac{2}{3} \\ \frac{2}{3} & \frac{2}{3} & \frac{1}{3} \end{pmatrix},True
108,"Therefore, t2 = -1/t1.","(-a,0)",False
109,× 120.,839,False
110,"**Final Answer**
The midpoint is \boxed{(4, 5)}.","(4,5)",True
111,"**Final Answer**
\boxed{\dfrac{\sqrt{6}}{3}}",\frac{\sqrt{6}}{3},True
112,"Alternative approach: What is the probability that after re-rolling three dice, combining with the original pair, we have a full house.",\frac{7}{72},False
113,"Therefore, the only sums that are excluded are S_x = 0 and 30.",841,False
114,"**Final Answer**
The solution to the inequality is $\boxed{\left( \frac{2}{3}, 1 \right) \cup (7, \infty)}$.","\left( \frac{2}{3}, 1 \right) \cup (7,\infty)",True
115,"Therefore, the change in area is New Area - Original Area = (s² - 60²) - s² = -60² = -3600.",3600,True
116,"(10,15): 3

Total rectangles: 3+3+1+6+3+3= 19?",19,True
117,"Then:

Expression = 14 + (-28*1 + 36)/8 - 96 / [8*(1 + 3)] = 14 + (8)/8 - 96/(8*4) = 14 + 1 - 96/32 = 14 + 1 - 3 = 12.",12,True
118,90 - 44 = 46 degrees.,8\%,False
119,"So essentially, the problem reduces to finding the number of 5-element subsets of {1,2,...,9} that sum to 33.",2,True
120,"73 + 79 is 152, plus 83 is 235.",235,True
121,Simplify this fraction.,\frac{91}{100},False
122,Then m + n + p = 12 + 288 + 48 = 348.,348,True
123,"",None,None
124,"Therefore, even though their moduli |z| are different, they all lie on a circle of radius 2/3 centered at (1/3, 0).",\frac{2}{3},False
125,$ y = b + n = 5 + 0.4 = 5.4 $.,3.3,False
126,"Therefore, the entire expression is (8x - 9) + (8 - 6x).",2x-1,False
127,So θ is π/12.,"\left( 4, \frac{\pi}{12} \right)",False
128,"So:

8 * 9^2 + 1 * 9^1 + 3 * 9^0

Calculating each term:

9^2 is 81, so 8 * 81 = 648

9^1 is 9, so 1 * 9 = 9

9^0 is 1, so 3 * 1 = 3

Adding them up: 648 + 9 + 3 = 660.",220110_3,False
129,"If I also include 1 and -1, then total roots would be 1, -1, 2, 3, 7.",5,False
130,"Wait, but that would mean θ/2 = 5π/16 => θ = 5π/8 radians.",112.5,False
131,"So:

\boxed{-1}, \boxed{0}, and \boxed{1}

But since I can only provide one boxed answer here, maybe the correct way is to list them in a set inside a single box.","-1,0,1",True
132,"**Final Answer**
\boxed{\dfrac{1005}{1006}}",\frac{1005}{1006},True
133,"If the second W is before the third R, then the process stops at the second W, so the last chip is white.",\frac{3}{5},False
134,"Therefore, the scalar triple product is 3564.",594,False
135,"Therefore, a + b + c = 2 + 14 + 3 = 19.",19,True
136,"Wait, if each 3x2 block can be tiled in two different ways, then the total number would be 2^3=8.",8,True
137,"Add m=1: 0 + 1 = 1

m=2: 1 + 0 = 1

m=3: 1 + 3 = 4

m=4: 4 + 9 = 13

m=5: 13 + 6 = 19

m=6: 19 + 0 = 19

m=7: 19 + 7 = 26

m=8: 26 + 17 = 43

m=9: 43 + 10 = 53

m=10: 53 + 0 = 53

m=11: 53 + 11 = 64

m=12: 64 + 25 = 89

m=13: 89 + 14 = 103

m=14: 103 + 0 = 103

m=15: 103 + 15 = 118

m=16: 118 + 33 = 151

m=17: 151 + 18 = 169

m=18: 169 + 0 = 169

m=19: 169 + 19 = 188

m=20: 188 + 41 = 229

m=21: 229 + 22 = 251

m=22: 251 + 0 = 251

m=23: 251 + 23 = 274

m=24: 274 + 49 = 323

m=25: 323 + 26 = 349

m=26: 349 + 0 = 349

m=27: 349 + 27 = 376

m=28: 376 + 57 = 433

m=29: 433 + 30 = 463

m=30: 463 + 0 = 463

m=31: 463 + 20 = 483

Therefore, the total number of valid n from 2 to 1000 is 483.",483,True
138,"Because of this, each of the original three friends' costs decreased by $11.00. The question is asking for the total cost of the gas.

Alright, let me assign some variables here. Let me call the total cost of the gas ""C"" dollars. Initially, there are three friends, so each was supposed to pay C divided by 3. Then, after two more friends join, there are 3 + 2 = 5 friends, so each friend now pays C divided by 5. 

The problem says that the cost for each of the original 3 decreased by $11.00.",82.50,False
139,"First, let me recall that if a complex number is real, then it's equal to its own conjugate.",56,False
140,"**Final Answer**
\boxed{\dfrac{4011}{2}}",\frac{4011}{2},True
141,"Therefore, E(n) = 2 * E(n-1).",48,False
142,"Then, if I take the two smallest two-digit primes, which are 11 and 13.",286,False
143,"**Final Answer**
The equation of the vertical asymptote is \boxed{x = \dfrac{3}{2}}.",x = \frac{3}{2},True
144,1155 / 15 = 77.,1155,True
145,Then m = (n - 1)/2 => 952 = (n - 1)/2 => n - 1 = 1904 => n = 1905.,1905,True
146,"Similarly, y goes from 0 to 1/2.",59,False
147,"Wait, if a₀ = -1, then u₀ = -1/a₀ = 1.",2^{2008} -2,False
148,"So:

For k=3: 5 numbers * 3 = 15

For k=4: 7 numbers * 4 = 28

For k=5: 9 numbers * 5 = 45

For k=6: 4 numbers * 6 = 24

Total sum: 15 + 28 + 45 + 24.",112,False
149,"If we take a = -1, b = 5, c = 2, then a + b + c = -1 + 5 + 2 = 6.",6,True
150,"√14 ≈ 3.741, so -√14 ≈ -3.741 is in [-4, -3).",-\sqrt{14},False
151,Then subtract 20: 62 - 20 = 42.,0,True
152,"If in the diagram AC is length 1, but labeled as 6, that suggests that maybe the coordinates are just for drawing, and the actual problem has different lengths.",18\sqrt{3},False
153,Therefore total: 1/3 - 2/3 -5 = (-1/3) -5 = -16/3.,432,False
154,And the ratio CP/PE would be mass at E / mass at C = 5/1 = 5.,5,True
155,"However, let me verify with the previous calculations.",310,False
156,"Therefore, S now becomes { -10, -5, -2, -1, 0, 1, 2, 5, 10 }.",9,False
157,"Therefore, tan x / tan y + tan y / tan x = 124/13.",\frac{124}{13},True
158,"Therefore, the enclosed region would be 4 - π ≈ 4 - 3.14 ≈ 0.86.",86,True
159,This is very close!,47,False
160,"Therefore, M / π ≈ 299 + 0.347 ≈ 299.347.",300,False
161,"Therefore, total number of n is 7 + 5 + 4 + 2 = 18.",18,True
162,"Okay, so now I just need to compute 4 sin60° cos30°.",3,True
163,"Therefore, adding this to the previous total of 190, we get 190 + 35 = 225.",225,True
164,"4096 (2^12): 4,0,9,6 – wait!",4096,True
165,"Therefore, AB = (3/2)*(2 + 2√3) = (3/2)*2*(1 + √3) = 3(1 + √3).",12+6\sqrt{3},False
166,The first term is real: (-3√2)/2.,5 - 11i,False
167,"So, I need to figure out how many total license plates there are, and how many of them have at least one palindrome in either the letters or the digits.",59,False
168,"**Final Answer**
The equation of the directrix is \boxed{x = \dfrac{3}{2}}.",x = \frac{3}{2},True
169,"Therefore, AB is the distance from A(64/5, 8√11 /5) to B(0,0):

AB = sqrt[(64/5 - 0)^2 + (8√11 /5 - 0)^2] = sqrt[(4096/25) + (64*11)/25] = sqrt[(4096 + 704)/25] = sqrt[4800/25] = sqrt[192] = sqrt[64*3] = 8√3.",8\sqrt{3},True
170,"**Final Answer**
\boxed{\sqrt{109}}",\sqrt{109},True
171,OA² = 120000 + m² = 120000 + (50√33)^2 = 120000 + 2500 * 33 = 120000 + 82500 = 202500.,450,False
172,"Okay, so I need to compute this big expression: 3(1 + 3(1 + 3(1 + 3(1 + 3(1 + 3(1 + 3(1 + 3(1 + 3(1 + 3)))))))))...",88572,False
173,"Okay, so I need to find the area of an isosceles trapezoid inscribed in a semicircle with radius 1 meter.",1.3,False
174,Then multiplied by 4 for all quadrants would be 64√2.,64\sqrt{2},True
175,Compute [b²(w - 2p)²]/(w - p)²: [256*(28/3)^2]/(64/3)^2 = 256*(28²/3²) / (64²/3²) = 256*(28²)/64² = 256*(784)/4096 = (256/4096)*784 = (1/16)*784 = 49.,"12,9",False
176,Compute 110 * 21: 100*21 + 10*21 = 2100 + 210 = 2310.,2329,False
177,"Okay, so I need to figure out what percentage decrease in 2007 would bring the stock investment back to its original price from the beginning of 2006, after it had a 25% increase in 2006.",20,True
178,"Therefore, total arrangements: Case1 + Case2 + Case3 = 9 + 33 + 46 = 88.",88,True
179,"The pattern seems to be adding two squares and then subtracting the next two, repeating this all the way down to 1.",10100,False
180,"Now, multiplying through by 64:

First, compute $64 \times -\frac{1}{2}$.",-32 + 32i \sqrt{3},False
181,"Therefore, the P(1) values are: 16, 14, 12, 10, 8, 12, 20.",92,False
182,"Therefore:

Total sum = 888 - 2*√111*(211/(2√111)) = 888 - 211 = 677 

Wait!",677,True
183,"Therefore, in triangle ADC:

AC (opposite 30 degrees) = (1/2) * hypotenuse = (1/2)*8 = 4.",4\sqrt{2},False
184,"Okay, so I need to compute the infinite sum:

$$
\sum_{k = 1}^\infty \frac{6^k}{(3^k - 2^k)(3^{k + 1} - 2^{k + 1})}.
$$

Hmm, let me start by understanding the general term of this series.",2,True
185,"Therefore, the pentagon ABCDE is the square A-B-C-E plus the triangle E-D-C?",31,False
186,"Okay, so I need to figure out the biggest possible integer value for the third altitude in a scalene triangle ABC where two of the altitudes are 4 and 12.",5,False
187,"",None,None
188,"The smallest numbers coprime with 210 are 1, 11, 13, 17, etc.",407,False
189,"Therefore, the answer is \boxed{\dfrac{349}{500}}.",\frac{349}{500},True
190,"Therefore, to have |t_{-k}| < 30, we need 2πk < 30 ⇒ same as above, k ≤ 4.",10,False
